{"init_keypoint_positions": [[-0.25794319243703623, -0.2360844662773828, 0.6905476882082092], [-0.2671639177617655, -0.09433527815132495, 0.7122930549896219], [-0.27151234338495983, 0.08395197554366488, 0.7154432798183405], [-0.266379743453929, 0.08175199572534772, 0.8097122583174985], [-0.3607951132392543, 0.18610731832223598, 0.7178293666264162], [-0.2624312374613168, 0.195909440226552, 0.6867906392498943], [-0.31782969861483357, 0.21783651249007482, 0.7905845242493158]], "num_keypoints": 7, "num_stages": 3, "grasp_keypoints": [1, -1, -1], "release_keypoints": [-1, -1, 1]}